id;first_name;middle_name;last_name;contract_number;phone_number;jmbg;date_of_birth
1;Luz;brr fooey;Kuvalis;battle inwardly;loyally bah what;curiously;2023-12-10T02:10:38
2;Heber;whoever notarize;Keeling;causeway;leprosy;reproach goggle grill;2023-12-10T01:01:20
3;Alice;poppy;Ullrich;at ew fooey;yahoo even;tempting;2023-12-10T10:31:50
4;Isidro;fortunately;Von;anxious disguised establish;not complement galvanise;barring;2023-12-09T23:14:43
5;Icie;ack so fascia;Stroman;spurt and;but whose recession;cultured fairly openly;2023-12-09T16:01:08
6;Ryan;blindly positively consistency;Hoppe;but phew unlike;incidentally bashfully;almost as;2023-12-10T05:50:22
7;Noemie;imaginary;Hilpert-Spencer;zowie bashfully searchingly;during numb faithfully;distrust when;2023-12-09T18:06:55
8;Lilyan;anguish pilot;Lubowitz;sculpt quarrelsomely following;towards cinnamon keenly;scarcely;2023-12-09T11:34:15
9;Maeve;bakeware plus pish;Kautzer;parchment round gravel;whoa;hm deceivingly winding;2023-12-09T11:34:31
10;Madonna;froth;Cormier;cork;motionless;harmonica hmph times;2023-12-10T09:33:34
